"date","sheet_name","total_up","total_down","total_net_up","total_salmon_hour","avg_duration","created_at","updated_at","updated_by"
2023-07-01,"HF",235,0,235,735,19.2857142857143,2025-09-09 12:27:47.074887,2025-09-09 12:27:47.074971,"csv_processor"
2023-07-01,"LF",91,7,84,252,20,2025-09-09 12:27:47.074887,2025-09-09 12:27:47.074971,"csv_processor"
2023-07-01,"LR",2,1,1,6,10,2025-09-09 12:27:47.074887,2025-09-09 12:27:47.074971,"csv_processor"
2023-07-02,"HF",310,2,308,924,20,2025-09-09 12:27:47.074887,2025-09-09 12:27:47.074971,"csv_processor"
2023-07-02,"LF",140,5,135,405,20,2025-09-09 12:27:47.074887,2025-09-09 12:27:47.074971,"csv_processor"
2023-07-02,"LR",6,0,6,36,10,2025-09-09 12:27:47.074887,2025-09-09 12:27:47.074971,"csv_processor"
2023-07-03,"HF",248,6,242,726,20,2025-09-09 12:27:47.074887,2025-09-09 12:27:47.074971,"csv_processor"
2023-07-03,"LF",109,5,104,312,20,2025-09-09 12:27:47.074887,2025-09-09 12:27:47.074971,"csv_processor"
2023-07-03,"LR",2,0,2,12,10,2025-09-09 12:27:47.074887,2025-09-09 12:27:47.074971,"csv_processor"
2023-07-04,"HF",259,1,258,774,20,2025-09-09 12:27:47.074887,2025-09-09 12:27:47.074971,"csv_processor"
2023-07-04,"LF",112,4,108,324,20,2025-09-09 12:27:47.074887,2025-09-09 12:27:47.074971,"csv_processor"
2023-07-04,"LR",3,1,2,12,10,2025-09-09 12:27:47.074887,2025-09-09 12:27:47.074971,"csv_processor"
2023-07-05,"HF",301,3,298,894,20,2025-09-09 12:27:47.074887,2025-09-09 12:27:47.074971,"csv_processor"
2023-07-05,"LF",169,8,161,483,20,2025-09-09 12:27:47.074887,2025-09-09 12:27:47.074971,"csv_processor"
2023-07-05,"LR",4,1,3,18,10,2025-09-09 12:27:47.074887,2025-09-09 12:27:47.074971,"csv_processor"
2023-07-06,"HF",408,8,400,1200,20,2025-09-09 12:27:47.074887,2025-09-09 12:27:47.074971,"csv_processor"
2023-07-06,"LF",182,5,177,531,20,2025-09-09 12:27:47.074887,2025-09-09 12:27:47.074971,"csv_processor"
2023-07-06,"LR",13,2,11,66,10,2025-09-09 12:27:47.074887,2025-09-09 12:27:47.074971,"csv_processor"
2023-07-07,"HF",421,2,419,1257,20,2025-09-09 12:27:47.074887,2025-09-09 12:27:47.074971,"csv_processor"
2023-07-07,"LF",216,2,214,642,20,2025-09-09 12:27:47.074887,2025-09-09 12:27:47.074971,"csv_processor"
2023-07-07,"LR",10,1,9,54,10,2025-09-09 12:27:47.074887,2025-09-09 12:27:47.074971,"csv_processor"
2023-07-08,"HF",432,5,427,1285.84615384615,19.7307692307692,2025-09-09 12:27:47.074887,2025-09-09 12:27:47.074971,"csv_processor"
2023-07-08,"LF",221,3,218,661,19.8214285714286,2025-09-09 12:27:47.074887,2025-09-09 12:27:47.074971,"csv_processor"
2023-07-08,"LR",27,2,25,150,10,2025-09-09 12:27:47.074887,2025-09-09 12:27:47.074971,"csv_processor"
2023-07-09,"HF",839,11,828,2484,20,2025-09-09 12:27:47.074887,2025-09-09 12:27:47.074971,"csv_processor"
2023-07-09,"LF",282,10,272,816,20,2025-09-09 12:27:47.074887,2025-09-09 12:27:47.074971,"csv_processor"
2023-07-09,"LR",18,1,17,102,10,2025-09-09 12:27:47.074887,2025-09-09 12:27:47.074971,"csv_processor"
2023-07-10,"HF",1074,6,1068,3204,20,2025-09-09 12:27:47.074887,2025-09-09 12:27:47.074971,"csv_processor"
2023-07-10,"LF",346,2,344,1035,19.8936170212766,2025-09-09 12:27:47.074887,2025-09-09 12:27:47.074971,"csv_processor"
2023-07-10,"LR",17,1,16,96,9.8936170212766,2025-09-09 12:27:47.074887,2025-09-09 12:27:47.074971,"csv_processor"
2023-07-11,"HF",1296,4,1292,3876,20,2025-09-09 12:27:47.074887,2025-09-09 12:27:47.074971,"csv_processor"
2023-07-11,"LF",340,4,336,1008,20,2025-09-09 12:27:47.074887,2025-09-09 12:27:47.074971,"csv_processor"
2023-07-11,"LR",30,1,29,174,10,2025-09-09 12:27:47.074887,2025-09-09 12:27:47.074971,"csv_processor"
2023-07-12,"HF",1549,7,1542,4626,20,2025-09-09 12:27:47.074887,2025-09-09 12:27:47.074971,"csv_processor"
2023-07-12,"LF",318,5,313,939,20,2025-09-09 12:27:47.074887,2025-09-09 12:27:47.074971,"csv_processor"
2023-07-12,"LR",26,2,24,144,10,2025-09-09 12:27:47.074887,2025-09-09 12:27:47.074971,"csv_processor"
2023-07-13,"HF",1630,9,1621,4863,20,2025-09-09 12:27:47.074887,2025-09-09 12:27:47.074971,"csv_processor"
2023-07-13,"LF",296,7,289,867,20,2025-09-09 12:27:47.074887,2025-09-09 12:27:47.074971,"csv_processor"
2023-07-13,"LR",20,3,17,102,10,2025-09-09 12:27:47.074887,2025-09-09 12:27:47.074971,"csv_processor"
2023-07-14,"HF",1605,8,1597,4791,20,2025-09-09 12:27:47.074887,2025-09-09 12:27:47.074971,"csv_processor"
2023-07-14,"LF",307,8,299,897,20,2025-09-09 12:27:47.074887,2025-09-09 12:27:47.074971,"csv_processor"
2023-07-14,"LR",20,1,19,114,10,2025-09-09 12:27:47.074887,2025-09-09 12:27:47.074971,"csv_processor"
2023-07-15,"HF",1342.5,7,1335.5,4006.5,20,2025-09-09 12:27:47.074887,2025-09-09 12:27:47.074971,"csv_processor"
2023-07-15,"LF",335,5,330,990,20,2025-09-09 12:27:47.074887,2025-09-09 12:27:47.074971,"csv_processor"
2023-07-15,"LR",31,1,30,180,10,2025-09-09 12:27:47.074887,2025-09-09 12:27:47.074971,"csv_processor"
2023-07-16,"HF",1710,14,1696,5088,20,2025-09-09 12:27:47.074887,2025-09-09 12:27:47.074971,"csv_processor"
2023-07-16,"LF",304,13,291,873,20,2025-09-09 12:27:47.074887,2025-09-09 12:27:47.074971,"csv_processor"
2023-07-16,"LR",21,6,15,90,10,2025-09-09 12:27:47.074887,2025-09-09 12:27:47.074971,"csv_processor"
2023-07-17,"HF",1834,11,1823,5469,20,2025-09-09 12:27:47.074887,2025-09-09 12:27:47.074971,"csv_processor"
2023-07-17,"LF",299,9,290,870,20,2025-09-09 12:27:47.074887,2025-09-09 12:27:47.074971,"csv_processor"
2023-07-17,"LR",15,4,11,66,10,2025-09-09 12:27:47.074887,2025-09-09 12:27:47.074971,"csv_processor"
2023-07-18,"HF",1461,3,1458,4374,20,2025-09-09 12:27:47.074887,2025-09-09 12:27:47.074971,"csv_processor"
2023-07-18,"LF",403,11,392,1176,20,2025-09-09 12:27:47.074887,2025-09-09 12:27:47.074971,"csv_processor"
2023-07-18,"LR",33,4,29,174,10,2025-09-09 12:27:47.074887,2025-09-09 12:27:47.074971,"csv_processor"
2023-07-19,"HF",1873,19,1854,5562,20,2025-09-09 12:27:47.074887,2025-09-09 12:27:47.074971,"csv_processor"
2023-07-19,"LF",500,14,486,1458,20,2025-09-09 12:27:47.074887,2025-09-09 12:27:47.074971,"csv_processor"
2023-07-19,"LR",61,7,54,324,10,2025-09-09 12:27:47.074887,2025-09-09 12:27:47.074971,"csv_processor"
2023-07-20,"HF",2749,8,2741,8223,20,2025-09-09 12:27:47.074887,2025-09-09 12:27:47.074971,"csv_processor"
2023-07-20,"LF",464,3,461,1383,20,2025-09-09 12:27:47.074887,2025-09-09 12:27:47.074971,"csv_processor"
2023-07-20,"LR",33,3,30,180,10,2025-09-09 12:27:47.074887,2025-09-09 12:27:47.074971,"csv_processor"
2023-07-21,"HF",2657,7,2650,8041.99509803922,19.625,2025-09-09 12:27:47.074887,2025-09-09 12:27:47.074971,"csv_processor"
2023-07-21,"LF",397.5,13,384.5,1158.26470588235,19.9333333333333,2025-09-09 12:27:47.074887,2025-09-09 12:27:47.074971,"csv_processor"
2023-07-21,"LR",43,12,31,186,9.97777777777778,2025-09-09 12:27:47.074887,2025-09-09 12:27:47.074971,"csv_processor"
2023-07-22,"HF",2502,4,2498,7494,20,2025-09-09 12:27:47.074887,2025-09-09 12:27:47.074971,"csv_processor"
2023-07-22,"LF",344,17,327,981,20,2025-09-09 12:27:47.074887,2025-09-09 12:27:47.074971,"csv_processor"
2023-07-22,"LR",13,4,9,54,10,2025-09-09 12:27:47.074887,2025-09-09 12:27:47.074971,"csv_processor"
2023-07-23,"HF",2518,10,2508,7524,20,2025-09-09 12:27:47.074887,2025-09-09 12:27:47.074971,"csv_processor"
2023-07-23,"LF",400,15,385,1155,20,2025-09-09 12:27:47.074887,2025-09-09 12:27:47.074971,"csv_processor"
2023-07-23,"LR",27,4,23,138,10,2025-09-09 12:27:47.074887,2025-09-09 12:27:47.074971,"csv_processor"
2023-07-24,"HF",2477,6,2471,7461,19.8936170212766,2025-09-09 12:27:47.074887,2025-09-09 12:27:47.074971,"csv_processor"
2023-07-24,"LF",529,25,504,1512,20,2025-09-09 12:27:47.074887,2025-09-09 12:27:47.074971,"csv_processor"
2023-07-24,"LR",33,10,23,138,10,2025-09-09 12:27:47.074887,2025-09-09 12:27:47.074971,"csv_processor"
2023-07-25,"HF",3361,20,3341,10023,20,2025-09-09 12:27:47.074887,2025-09-09 12:27:47.074971,"csv_processor"
2023-07-25,"LF",546,24,522,1566,20,2025-09-09 12:27:47.074887,2025-09-09 12:27:47.074971,"csv_processor"
2023-07-25,"LR",16,8,8,48,10,2025-09-09 12:27:47.074887,2025-09-09 12:27:47.074971,"csv_processor"
2023-07-26,"HF",3326,23,3303,9909,20,2025-09-09 12:27:47.074887,2025-09-09 12:27:47.074971,"csv_processor"
2023-07-26,"LF",605,22,583,1749,20,2025-09-09 12:27:47.074887,2025-09-09 12:27:47.074971,"csv_processor"
2023-07-26,"LR",22,5,17,102,10,2025-09-09 12:27:47.074887,2025-09-09 12:27:47.074971,"csv_processor"
2023-07-27,"HF",3005,20,2985,8955,20,2025-09-09 12:27:47.074887,2025-09-09 12:27:47.074971,"csv_processor"
2023-07-27,"LF",414,17,397,1191,20,2025-09-09 12:27:47.074887,2025-09-09 12:27:47.074971,"csv_processor"
2023-07-27,"LR",33,4,29,174,10,2025-09-09 12:27:47.074887,2025-09-09 12:27:47.074971,"csv_processor"
2023-07-28,"HF",2590,16,2574,7722,20,2025-09-09 12:27:47.074887,2025-09-09 12:27:47.074971,"csv_processor"
2023-07-28,"LF",429,12,417,1251,20,2025-09-09 12:27:47.074887,2025-09-09 12:27:47.074971,"csv_processor"
2023-07-28,"LR",29,3,26,156,10,2025-09-09 12:27:47.074887,2025-09-09 12:27:47.074971,"csv_processor"
2023-07-29,"HF",2665,20,2645,7935,20,2025-09-09 12:27:47.074887,2025-09-09 12:27:47.074971,"csv_processor"
2023-07-29,"LF",500,29,471,1413,20,2025-09-09 12:27:47.074887,2025-09-09 12:27:47.074971,"csv_processor"
2023-07-29,"LR",32,7,25,150,10,2025-09-09 12:27:47.074887,2025-09-09 12:27:47.074971,"csv_processor"
2023-07-30,"HF",2412,22,2390,7170,20,2025-09-09 12:27:47.074887,2025-09-09 12:27:47.074971,"csv_processor"
2023-07-30,"LF",398,32,366,1098,20,2025-09-09 12:27:47.074887,2025-09-09 12:27:47.074971,"csv_processor"
2023-07-30,"LR",19,7,12,72,10,2025-09-09 12:27:47.074887,2025-09-09 12:27:47.074971,"csv_processor"
2023-07-31,"HF",2360,27,2333,6999,20,2025-09-09 12:27:47.074887,2025-09-09 12:27:47.074971,"csv_processor"
2023-07-31,"LF",485,27,458,1374,20,2025-09-09 12:27:47.074887,2025-09-09 12:27:47.074971,"csv_processor"
2023-07-31,"LR",38,5,33,198,10,2025-09-09 12:27:47.074887,2025-09-09 12:27:47.074971,"csv_processor"
2023-08-01,"HF",2671,24,2647,7941,20,2025-09-09 12:27:47.074887,2025-09-09 12:27:47.074971,"csv_processor"
2023-08-01,"LF",539,27,512,1536,20,2025-09-09 12:27:47.074887,2025-09-09 12:27:47.074971,"csv_processor"
2023-08-01,"LR",19,2,17,102,10,2025-09-09 12:27:47.074887,2025-09-09 12:27:47.074971,"csv_processor"
2023-08-02,"HF",3222,9,3213,9639,20,2025-09-09 12:27:47.074887,2025-09-09 12:27:47.074971,"csv_processor"
2023-08-02,"LF",584,15,569,1707,20,2025-09-09 12:27:47.074887,2025-09-09 12:27:47.074971,"csv_processor"
2023-08-02,"LR",31,8,23,138,10,2025-09-09 12:27:47.074887,2025-09-09 12:27:47.074971,"csv_processor"
2023-08-03,"HF",3461,13,3370,10110,20,2025-09-09 12:27:47.074887,2025-09-09 12:27:47.074971,"csv_processor"
2023-08-03,"LF",470.5,10,460.5,1381.5,20,2025-09-09 12:27:47.074887,2025-09-09 12:27:47.074971,"csv_processor"
2023-08-03,"LR",30,3,27,162,10,2025-09-09 12:27:47.074887,2025-09-09 12:27:47.074971,"csv_processor"
2023-08-04,"HF",3130,6,3124,9372,20,2025-09-09 12:27:47.074887,2025-09-09 12:27:47.074971,"csv_processor"
2023-08-04,"LF",725,12,713,2139,20,2025-09-09 12:27:47.074887,2025-09-09 12:27:47.074971,"csv_processor"
2023-08-04,"LR",42,7,35,210,10,2025-09-09 12:27:47.074887,2025-09-09 12:27:47.074971,"csv_processor"
2023-08-05,"HF",4146,15,4131,12393,20,2025-09-09 12:27:47.074887,2025-09-09 12:27:47.074971,"csv_processor"
2023-08-05,"LF",652,12,640,1920,20,2025-09-09 12:27:47.074887,2025-09-09 12:27:47.074971,"csv_processor"
2023-08-05,"LR",41,12,29,174,10,2025-09-09 12:27:47.074887,2025-09-09 12:27:47.074971,"csv_processor"
2023-08-06,"HF",4791,7,4784,14352,20,2025-09-09 12:27:47.074887,2025-09-09 12:27:47.074971,"csv_processor"
2023-08-06,"LF",651,20,631,1893,20,2025-09-09 12:27:47.074887,2025-09-09 12:27:47.074971,"csv_processor"
2023-08-06,"LR",42,12,30,180,10,2025-09-09 12:27:47.074887,2025-09-09 12:27:47.074971,"csv_processor"
2023-08-07,"HF",5043,16,5027,15112.6666666667,19.953488372093,2025-09-09 12:27:47.074887,2025-09-09 12:27:47.074971,"csv_processor"
2023-08-07,"LF",681,27,654,1989,19.7674418604651,2025-09-09 12:27:47.074887,2025-09-09 12:27:47.074971,"csv_processor"
2023-08-07,"LR",36,18,18,108,10,2025-09-09 12:27:47.074887,2025-09-09 12:27:47.074971,"csv_processor"
2023-08-08,"HF",7191,37,7154,21462,20,2025-09-09 12:27:47.074887,2025-09-09 12:27:47.074971,"csv_processor"
2023-08-08,"LF",862,17,845,2535,20,2025-09-09 12:27:47.074887,2025-09-09 12:27:47.074971,"csv_processor"
2023-08-08,"LR",49,3,46,276,10,2025-09-09 12:27:47.074887,2025-09-09 12:27:47.074971,"csv_processor"
2023-08-09,"HF",9195,20,9175,27525,20,2025-09-09 12:27:47.074887,2025-09-09 12:27:47.074971,"csv_processor"
2023-08-09,"LF",1106,20,1086,3258,20,2025-09-09 12:27:47.074887,2025-09-09 12:27:47.074971,"csv_processor"
2023-08-09,"LR",70,1,69,414,10,2025-09-09 12:27:47.074887,2025-09-09 12:27:47.074971,"csv_processor"
2023-08-10,"HF",8073,17,8056,24168,20,2025-09-09 12:27:47.074887,2025-09-09 12:27:47.074971,"csv_processor"
2023-08-10,"LF",1211,30,1181,3543,20,2025-09-09 12:27:47.074887,2025-09-09 12:27:47.074971,"csv_processor"
2023-08-10,"LR",55,7,48,288,10,2025-09-09 12:27:47.074887,2025-09-09 12:27:47.074971,"csv_processor"
2023-08-11,"HF",5277,53,5224,15672,20,2025-09-09 12:27:47.074887,2025-09-09 12:27:47.074971,"csv_processor"
2023-08-11,"LF",1092,52,1040,3120,20,2025-09-09 12:27:47.074887,2025-09-09 12:27:47.074971,"csv_processor"
2023-08-11,"LR",79,8,71,426,10,2025-09-09 12:27:47.074887,2025-09-09 12:27:47.074971,"csv_processor"
2023-08-12,"HF",5208,18,5190,15570,20,2025-09-09 12:27:47.074887,2025-09-09 12:27:47.074971,"csv_processor"
2023-08-12,"LF",2320,39,2281,6843,20,2025-09-09 12:27:47.074887,2025-09-09 12:27:47.074971,"csv_processor"
2023-08-12,"LR",140,7,133,798,10,2025-09-09 12:27:47.074887,2025-09-09 12:27:47.074971,"csv_processor"
2023-08-13,"HF",9441,14,9427,28482.2727272727,19.8,2025-09-09 12:27:47.074887,2025-09-09 12:27:47.074971,"csv_processor"
2023-08-13,"LF",1385,19,1366,4098,20,2025-09-09 12:27:47.074887,2025-09-09 12:27:47.074971,"csv_processor"
2023-08-13,"LR",77,2,75,450,10,2025-09-09 12:27:47.074887,2025-09-09 12:27:47.074971,"csv_processor"
2023-08-14,"HF",8998,26,8972,26916,20,2025-09-09 12:27:47.074887,2025-09-09 12:27:47.074971,"csv_processor"
2023-08-14,"LF",811,28,783,2349,20,2025-09-09 12:27:47.074887,2025-09-09 12:27:47.074971,"csv_processor"
2023-08-14,"LR",39,5,34,204,10,2025-09-09 12:27:47.074887,2025-09-09 12:27:47.074971,"csv_processor"
2023-08-15,"HF",12286,31,12255,36765,20,2025-09-09 12:27:47.074887,2025-09-09 12:27:47.074971,"csv_processor"
2023-08-15,"LF",1059,34,1025,3075,20,2025-09-09 12:27:47.074887,2025-09-09 12:27:47.074971,"csv_processor"
2023-08-15,"LR",51,8,43,258,10,2025-09-09 12:27:47.074887,2025-09-09 12:27:47.074971,"csv_processor"
2023-08-16,"HF",9467,13,9454,28362,20,2025-09-09 12:27:47.074887,2025-09-09 12:27:47.074971,"csv_processor"
2023-08-16,"LF",1277,36,1241,3723,20,2025-09-09 12:27:47.074887,2025-09-09 12:27:47.074971,"csv_processor"
2023-08-16,"LR",70,6,64,384,10,2025-09-09 12:27:47.074887,2025-09-09 12:27:47.074971,"csv_processor"
2023-08-17,"HF",9340,15,9325,27975,20,2025-09-09 12:27:47.074887,2025-09-09 12:27:47.074971,"csv_processor"
2023-08-17,"LF",1064,15,1049,3147,20,2025-09-09 12:27:47.074887,2025-09-09 12:27:47.074971,"csv_processor"
2023-08-17,"LR",56,5,51,306,10,2025-09-09 12:27:47.074887,2025-09-09 12:27:47.074971,"csv_processor"
2023-08-18,"HF",10005,38,9967,29901,20,2025-09-09 12:27:47.074887,2025-09-09 12:27:47.074971,"csv_processor"
2023-08-18,"LF",1284,33,1251,3753,20,2025-09-09 12:27:47.074887,2025-09-09 12:27:47.074971,"csv_processor"
2023-08-18,"LR",110,5,105,630,10,2025-09-09 12:27:47.074887,2025-09-09 12:27:47.074971,"csv_processor"
2023-08-19,"HF",8191.5,45.5,8146,24438,20,2025-09-09 12:27:47.074887,2025-09-09 12:27:47.074971,"csv_processor"
2023-08-19,"LF",4013,41,3972,11916,20,2025-09-09 12:27:47.074887,2025-09-09 12:27:47.074971,"csv_processor"
2023-08-19,"LR",287,7,280,1680,10,2025-09-09 12:27:47.074887,2025-09-09 12:27:47.074971,"csv_processor"
2023-08-20,"HF",18133,29,18104,54312,20,2025-09-09 12:27:47.074887,2025-09-09 12:27:47.074971,"csv_processor"
2023-08-20,"LF",2096,41,2055,6165,20,2025-09-09 12:27:47.074887,2025-09-09 12:27:47.074971,"csv_processor"
2023-08-20,"LR",102,7,95,570,10,2025-09-09 12:27:47.074887,2025-09-09 12:27:47.074971,"csv_processor"
2023-08-21,"HF",21779,33,21746,65238,20,2025-09-09 12:27:47.074887,2025-09-09 12:27:47.074971,"csv_processor"
2023-08-21,"LF",1356,25,1331,3993,20,2025-09-09 12:27:47.074887,2025-09-09 12:27:47.074971,"csv_processor"
2023-08-21,"LR",52,7,45,270,10,2025-09-09 12:27:47.074887,2025-09-09 12:27:47.074971,"csv_processor"
2023-08-22,"HF",18625,38,18587,55761,20,2025-09-09 12:27:47.074887,2025-09-09 12:27:47.074971,"csv_processor"
2023-08-22,"LF",1859,64,1795,5385,20,2025-09-09 12:27:47.074887,2025-09-09 12:27:47.074971,"csv_processor"
2023-08-22,"LR",144,8,136,816,10,2025-09-09 12:27:47.074887,2025-09-09 12:27:47.074971,"csv_processor"
2023-08-23,"HF",15413,79,15334,46002,20,2025-09-09 12:27:47.074887,2025-09-09 12:27:47.074971,"csv_processor"
2023-08-23,"LF",5235,60,5175,15525,20,2025-09-09 12:27:47.074887,2025-09-09 12:27:47.074971,"csv_processor"
2023-08-23,"LR",551,8,543,3258,10,2025-09-09 12:27:47.074887,2025-09-09 12:27:47.074971,"csv_processor"
2023-08-24,"HF",17848,118,17730,53190,20,2025-09-09 12:27:47.074887,2025-09-09 12:27:47.074971,"csv_processor"
2023-08-24,"LF",2418,257,2161,6483,20,2025-09-09 12:27:47.074887,2025-09-09 12:27:47.074971,"csv_processor"
2023-08-24,"LR",166,17,149,894,10,2025-09-09 12:27:47.074887,2025-09-09 12:27:47.074971,"csv_processor"
2023-08-25,"HF",34762,225,34537,103611,20,2025-09-09 12:27:47.074887,2025-09-09 12:27:47.074971,"csv_processor"
2023-08-25,"LF",2009,315,1694,5082,20,2025-09-09 12:27:47.074887,2025-09-09 12:27:47.074971,"csv_processor"
2023-08-25,"LR",154,21,133,798,10,2025-09-09 12:27:47.074887,2025-09-09 12:27:47.074971,"csv_processor"
2023-08-26,"HF",41170,174,40996,128625,19.7872340425532,2025-09-09 12:27:47.074887,2025-09-09 12:27:47.074971,"csv_processor"
2023-08-26,"LF",6538,158,6380,19140,20,2025-09-09 12:27:47.074887,2025-09-09 12:27:47.074971,"csv_processor"
2023-08-26,"LR",283,9,274,1644,10,2025-09-09 12:27:47.074887,2025-09-09 12:27:47.074971,"csv_processor"
2023-08-27,"HF",47601,120,47481,146932.5,20,2025-09-09 12:27:47.074887,2025-09-09 12:27:47.074971,"csv_processor"
2023-08-27,"LF",5485,88,5397,16191,20,2025-09-09 12:27:47.074887,2025-09-09 12:27:47.074971,"csv_processor"
2023-08-27,"LR",188,10,178,1068,10,2025-09-09 12:27:47.074887,2025-09-09 12:27:47.074971,"csv_processor"
2023-08-28,"HF",37155,134,37021,111063,20,2025-09-09 12:27:47.074887,2025-09-09 12:27:47.074971,"csv_processor"
2023-08-28,"LF",1682,103,1579,4737,20,2025-09-09 12:27:47.074887,2025-09-09 12:27:47.074971,"csv_processor"
2023-08-28,"LR",36,11,25,150,10,2025-09-09 12:27:47.074887,2025-09-09 12:27:47.074971,"csv_processor"
2023-08-29,"HF",23834,124,23710,71130,20,2025-09-09 12:27:47.074887,2025-09-09 12:27:47.074971,"csv_processor"
2023-08-29,"LF",1223,215,1008,3024,20,2025-09-09 12:27:47.074887,2025-09-09 12:27:47.074971,"csv_processor"
2023-08-29,"LR",38,29,9,54,10,2025-09-09 12:27:47.074887,2025-09-09 12:27:47.074971,"csv_processor"
2023-08-30,"HF",27267,105,27162,81486,20,2025-09-09 12:27:47.074887,2025-09-09 12:27:47.074971,"csv_processor"
2023-08-30,"LF",1072,130,942,2826,20,2025-09-09 12:27:47.074887,2025-09-09 12:27:47.074971,"csv_processor"
2023-08-30,"LR",25,12,13,78,10,2025-09-09 12:27:47.074887,2025-09-09 12:27:47.074971,"csv_processor"
2023-08-31,"HF",54671,66,54605,178449,19.375,2025-09-09 12:27:47.074887,2025-09-09 12:27:47.074971,"csv_processor"
2023-08-31,"LF",1121,47,1074,3222,20,2025-09-09 12:27:47.074887,2025-09-09 12:27:47.074971,"csv_processor"
2023-08-31,"LR",19,3,16,96,10,2025-09-09 12:27:47.074887,2025-09-09 12:27:47.074971,"csv_processor"
2023-09-01,"HF",74036,56,73980,314256,17.2916666666667,2025-09-09 12:27:47.074887,2025-09-09 12:27:47.074971,"csv_processor"
2023-09-01,"LF",1414,38,1376,4128,20,2025-09-09 12:27:47.074887,2025-09-09 12:27:47.074971,"csv_processor"
2023-09-01,"LR",43,5,38,228,10,2025-09-09 12:27:47.074887,2025-09-09 12:27:47.074971,"csv_processor"
2023-09-02,"HF",61370,66,61304,281346,17.0833333333333,2025-09-09 12:27:47.074887,2025-09-09 12:27:47.074971,"csv_processor"
2023-09-02,"LF",3153,60,3093,9279,20,2025-09-09 12:27:47.074887,2025-09-09 12:27:47.074971,"csv_processor"
2023-09-02,"LR",87,5,82,492,10,2025-09-09 12:27:47.074887,2025-09-09 12:27:47.074971,"csv_processor"
2023-09-03,"HF",65061,55,65006,228147,18.75,2025-09-09 12:27:47.074887,2025-09-09 12:27:47.074971,"csv_processor"
2023-09-03,"LF",2163,72,2091,6273,20,2025-09-09 12:27:47.074887,2025-09-09 12:27:47.074971,"csv_processor"
2023-09-03,"LR",103,12,91,552,10,2025-09-09 12:27:47.074887,2025-09-09 12:27:47.074971,"csv_processor"
2023-09-04,"HF",83283,41,83242,364583.381410256,16.5227272727273,2025-09-09 12:27:47.074887,2025-09-09 12:27:47.074971,"csv_processor"
2023-09-04,"LF",2223,46,2177,6907.78991596639,19.8048780487805,2025-09-09 12:27:47.074887,2025-09-09 12:27:47.074971,"csv_processor"
2023-09-04,"LR",87,11,76,456,10,2025-09-09 12:27:47.074887,2025-09-09 12:27:47.074971,"csv_processor"
2023-09-05,"HF",73463,65,73398,394470,14.0540540540541,2025-09-09 12:27:47.074887,2025-09-09 12:27:47.074971,"csv_processor"
2023-09-05,"LF",3411,65,3346,10038,20,2025-09-09 12:27:47.074887,2025-09-09 12:27:47.074971,"csv_processor"
2023-09-05,"LR",290,13,277,1662,10,2025-09-09 12:27:47.074887,2025-09-09 12:27:47.074971,"csv_processor"
2023-09-06,"HF",90429,37,90392,517678.5,13.7083333333333,2025-09-09 12:27:47.074887,2025-09-09 12:27:47.074971,"csv_processor"
2023-09-06,"LF",3796,53,3743,11229,20,2025-09-09 12:27:47.074887,2025-09-09 12:27:47.074971,"csv_processor"
2023-09-06,"LR",587,10,577,3462,10,2025-09-09 12:27:47.074887,2025-09-09 12:27:47.074971,"csv_processor"
2023-09-07,"HF",87643,56,87587,471873,15.1063829787234,2025-09-09 12:27:47.074887,2025-09-09 12:27:47.074971,"csv_processor"
2023-09-07,"LF",2109,78,2031,6093,20,2025-09-09 12:27:47.074887,2025-09-09 12:27:47.074971,"csv_processor"
2023-09-07,"LR",96,6,90,540,10,2025-09-09 12:27:47.074887,2025-09-09 12:27:47.074971,"csv_processor"
2023-09-08,"HF",57674,82,57592,263046,16.4583333333333,2025-09-09 12:27:47.074887,2025-09-09 12:27:47.074971,"csv_processor"
2023-09-08,"LF",3029,147,2882,8646,20,2025-09-09 12:27:47.074887,2025-09-09 12:27:47.074971,"csv_processor"
2023-09-08,"LR",130,7,123,738,10,2025-09-09 12:27:47.074887,2025-09-09 12:27:47.074971,"csv_processor"
2023-09-09,"HF",52565,77,52488,191376,18.7234042553191,2025-09-09 12:27:47.074887,2025-09-09 12:27:47.074971,"csv_processor"
2023-09-09,"LF",2423,131,2292,6876,20,2025-09-09 12:27:47.074887,2025-09-09 12:27:47.074971,"csv_processor"
2023-09-09,"LR",82,24,58,348,10,2025-09-09 12:27:47.074887,2025-09-09 12:27:47.074971,"csv_processor"
2023-09-10,"HF",60633,69,60564,203031,19.1666666666667,2025-09-09 12:27:47.074887,2025-09-09 12:27:47.074971,"csv_processor"
2023-09-10,"LF",2438,155,2283,6849,20,2025-09-09 12:27:47.074887,2025-09-09 12:27:47.074971,"csv_processor"
2023-09-10,"LR",226,21,205,1230,10,2025-09-09 12:27:47.074887,2025-09-09 12:27:47.074971,"csv_processor"
2023-09-11,"HF",58134,86,58048,245166,17.5,2025-09-09 12:27:47.074887,2025-09-09 12:27:47.074971,"csv_processor"
2023-09-11,"LF",1796,122,1674,5022,20,2025-09-09 12:27:47.074887,2025-09-09 12:27:47.074971,"csv_processor"
2023-09-11,"LR",77,28,49,294,10,2025-09-09 12:27:47.074887,2025-09-09 12:27:47.074971,"csv_processor"
2023-09-12,"HF",58330,77,58253,243180,17.5,2025-09-09 12:27:47.074887,2025-09-09 12:27:47.074971,"csv_processor"
2023-09-12,"LF",2176,142,2034,6102,20,2025-09-09 12:27:47.074887,2025-09-09 12:27:47.074971,"csv_processor"
2023-09-12,"LR",189,22,167,1002,10,2025-09-09 12:27:47.074887,2025-09-09 12:27:47.074971,"csv_processor"
2023-09-13,"HF",56994,44,56950,203193,18.75,2025-09-09 12:27:47.074887,2025-09-09 12:27:47.074971,"csv_processor"
2023-09-13,"LF",2259,94,2165,6495,20,2025-09-09 12:27:47.074887,2025-09-09 12:27:47.074971,"csv_processor"
2023-09-13,"LR",91,23,68,408,10,2025-09-09 12:27:47.074887,2025-09-09 12:27:47.074971,"csv_processor"
2023-09-14,"HF",60655,62,60593,276384,16.6666666666667,2025-09-09 12:27:47.074887,2025-09-09 12:27:47.074971,"csv_processor"
2023-09-14,"LF",2107,142,1965,5967,19.7916666666667,2025-09-09 12:27:47.074887,2025-09-09 12:27:47.074971,"csv_processor"
2023-09-14,"LR",83,63,20,120,10,2025-09-09 12:27:47.074887,2025-09-09 12:27:47.074971,"csv_processor"
2023-09-15,"HF",61937,65,61872,274215,16.4583333333333,2025-09-09 12:27:47.074887,2025-09-09 12:27:47.074971,"csv_processor"
2023-09-15,"LF",2946,191,2755,8265,20,2025-09-09 12:27:47.074887,2025-09-09 12:27:47.074971,"csv_processor"
2023-09-15,"LR",178,65,113,678,10,2025-09-09 12:27:47.074887,2025-09-09 12:27:47.074971,"csv_processor"
2023-09-16,"HF",59222,95,59127,261339,17.0833333333333,2025-09-09 12:27:47.074887,2025-09-09 12:27:47.074971,"csv_processor"
2023-09-16,"LF",1723,173,1550,4650,20,2025-09-09 12:27:47.074887,2025-09-09 12:27:47.074971,"csv_processor"
2023-09-16,"LR",74,60,14,84,10,2025-09-09 12:27:47.074887,2025-09-09 12:27:47.074971,"csv_processor"
2023-09-17,"HF",45101,81,45020,152112,19.3181818181818,2025-09-09 12:27:47.074887,2025-09-09 12:27:47.074971,"csv_processor"
2023-09-17,"LF",1425,169,1256,3792.23076923077,19.8444444444444,2025-09-09 12:27:47.074887,2025-09-09 12:27:47.074971,"csv_processor"
2023-09-17,"LR",69,65,4,24,10,2025-09-09 12:27:47.074887,2025-09-09 12:27:47.074971,"csv_processor"
2023-09-18,"HF",38219,107,38112,119664,19.7619047619048,2025-09-09 12:27:47.074887,2025-09-09 12:27:47.074971,"csv_processor"
2023-09-18,"LF",1411,171,1240,3728,19.8809523809524,2025-09-09 12:27:47.074887,2025-09-09 12:27:47.074971,"csv_processor"
2023-09-18,"LR",44,98,-54,-324,10,2025-09-09 12:27:47.074887,2025-09-09 12:27:47.074971,"csv_processor"
2023-09-19,"HF",43768,59,43709,150349.285714286,18.8958333333333,2025-09-09 12:27:47.074887,2025-09-09 12:27:47.074971,"csv_processor"
2023-09-19,"LF",1256,135,1121,3366.85714285714,19.875,2025-09-09 12:27:47.074887,2025-09-09 12:27:47.074971,"csv_processor"
2023-09-19,"LR",56,42,14,84,10,2025-09-09 12:27:47.074887,2025-09-09 12:27:47.074971,"csv_processor"
2023-09-20,"HF",45793,52,45741,162135,18.9583333333333,2025-09-09 12:27:47.074887,2025-09-09 12:27:47.074971,"csv_processor"
2023-09-20,"LF",926,110,816,2448,20,2025-09-09 12:27:47.074887,2025-09-09 12:27:47.074971,"csv_processor"
2023-09-20,"LR",33,40,-7,-42,10,2025-09-09 12:27:47.074887,2025-09-09 12:27:47.074971,"csv_processor"
2023-09-21,"HF",48371,72,48299,152298,19.7826086956522,2025-09-09 12:27:47.074887,2025-09-09 12:27:47.074971,"csv_processor"
2023-09-21,"LF",1488,137,1351,4053,20,2025-09-09 12:27:47.074887,2025-09-09 12:27:47.074971,"csv_processor"
2023-09-21,"LR",68,55,13,90,9.91666666666667,2025-09-09 12:27:47.074887,2025-09-09 12:27:47.074971,"csv_processor"
2023-09-22,"HF",38676,83,38593,115779,20,2025-09-09 12:27:47.074887,2025-09-09 12:27:47.074971,"csv_processor"
2023-09-22,"LF",575,127,448,1344,20,2025-09-09 12:27:47.074887,2025-09-09 12:27:47.074971,"csv_processor"
2023-09-22,"LR",71,69,2,12,10,2025-09-09 12:27:47.074887,2025-09-09 12:27:47.074971,"csv_processor"
2023-09-23,"HF",32216,91,32125,96375,20,2025-09-09 12:27:47.074887,2025-09-09 12:27:47.074971,"csv_processor"
2023-09-23,"LF",958,128,830,2490,20,2025-09-09 12:27:47.074887,2025-09-09 12:27:47.074971,"csv_processor"
2023-09-23,"LR",28,59,-31,-186,10,2025-09-09 12:27:47.074887,2025-09-09 12:27:47.074971,"csv_processor"
2023-09-24,"HF",28726,100,28626,85878,20,2025-09-09 12:27:47.074887,2025-09-09 12:27:47.074971,"csv_processor"
2023-09-24,"LF",597,113,484,1452,20,2025-09-09 12:27:47.074887,2025-09-09 12:27:47.074971,"csv_processor"
2023-09-24,"LR",53,52,1,6,10,2025-09-09 12:27:47.074887,2025-09-09 12:27:47.074971,"csv_processor"
2023-09-25,"HF",22223,113,22110,66330,20,2025-09-09 12:27:47.074887,2025-09-09 12:27:47.074971,"csv_processor"
2023-09-25,"LF",1138,115,1023,3128.33333333333,19.9166666666667,2025-09-09 12:27:47.074887,2025-09-09 12:27:47.074971,"csv_processor"
2023-09-25,"LR",42,45.5,-3.5,-21,10,2025-09-09 12:27:47.074887,2025-09-09 12:27:47.074971,"csv_processor"
2023-09-26,"HF",15168.5,61,15107.5,45322.5,20,2025-09-09 12:27:47.074887,2025-09-09 12:27:47.074971,"csv_processor"
2023-09-26,"LF",635,159,476,1447,19.8958333333333,2025-09-09 12:27:47.074887,2025-09-09 12:27:47.074971,"csv_processor"
2023-09-26,"LR",23,75,-52,-312,10,2025-09-09 12:27:47.074887,2025-09-09 12:27:47.074971,"csv_processor"
2023-09-27,"HF",10894,44,10850,32984.5384615385,19.8510638297872,2025-09-09 12:27:47.074887,2025-09-09 12:27:47.074971,"csv_processor"
2023-09-27,"LF",295,119,176,528,20,2025-09-09 12:27:47.074887,2025-09-09 12:27:47.074971,"csv_processor"
2023-09-27,"LR",14,50,-36,-216,10,2025-09-09 12:27:47.074887,2025-09-09 12:27:47.074971,"csv_processor"
2023-09-28,"HF",10675,31,10644,31932,20,2025-09-09 12:27:47.074887,2025-09-09 12:27:47.074971,"csv_processor"
2023-09-28,"LF",661,77,584,1752,20,2025-09-09 12:27:47.074887,2025-09-09 12:27:47.074971,"csv_processor"
2023-09-28,"LR",17,43,-26,-156,10,2025-09-09 12:27:47.074887,2025-09-09 12:27:47.074971,"csv_processor"
2023-09-29,"HF",9284,33,9251,27753,20,2025-09-09 12:27:47.074887,2025-09-09 12:27:47.074971,"csv_processor"
2023-09-29,"LF",710,86,624,1872,20,2025-09-09 12:27:47.074887,2025-09-09 12:27:47.074971,"csv_processor"
2023-09-29,"LR",30,52,-22,-132,10,2025-09-09 12:27:47.074887,2025-09-09 12:27:47.074971,"csv_processor"
2023-09-30,"HF",9500,29,9471,28413,20,2025-09-09 12:27:47.074887,2025-09-09 12:27:47.074971,"csv_processor"
2023-09-30,"LF",342,74,268,804,20,2025-09-09 12:27:47.074887,2025-09-09 12:27:47.074971,"csv_processor"
2023-09-30,"LR",14,93,-79,-474,10,2025-09-09 12:27:47.074887,2025-09-09 12:27:47.074971,"csv_processor"
2023-10-01,"HF",8217,35,8182,24546,20,2025-09-09 12:27:47.074887,2025-09-09 12:27:47.074971,"csv_processor"
2023-10-01,"LF",353,54,299,897,20,2025-09-09 12:27:47.074887,2025-09-09 12:27:47.074971,"csv_processor"
2023-10-01,"LR",16,32,-16,-96,10,2025-09-09 12:27:47.074887,2025-09-09 12:27:47.074971,"csv_processor"
2023-10-02,"HF",6226,34,6192,18583.5,19.9166666666667,2025-09-09 12:27:47.074887,2025-09-09 12:27:47.074971,"csv_processor"
2023-10-02,"LF",459,44,415,1245,20,2025-09-09 12:27:47.074887,2025-09-09 12:27:47.074971,"csv_processor"
2023-10-02,"LR",11,40,-29,-174,10,2025-09-09 12:27:47.074887,2025-09-09 12:27:47.074971,"csv_processor"
2023-10-03,"HF",5652,22,5630,16890,20,2025-09-09 12:27:47.074887,2025-09-09 12:27:47.074971,"csv_processor"
2023-10-03,"LF",285,45,240,720,20,2025-09-09 12:27:47.074887,2025-09-09 12:27:47.074971,"csv_processor"
2023-10-03,"LR",7,30,-23,-138,10,2025-09-09 12:27:47.074887,2025-09-09 12:27:47.074971,"csv_processor"
2023-10-04,"HF",4575,20,4555,13665,20,2025-09-09 12:27:47.074887,2025-09-09 12:27:47.074971,"csv_processor"
2023-10-04,"LF",240,45,195,585,20,2025-09-09 12:27:47.074887,2025-09-09 12:27:47.074971,"csv_processor"
2023-10-04,"LR",2,23,-21,-126,10,2025-09-09 12:27:47.074887,2025-09-09 12:27:47.074971,"csv_processor"
2023-10-05,"HF",501,4,497,1491,20,2025-09-09 12:27:47.074887,2025-09-09 12:27:47.074971,"csv_processor"
2023-10-05,"LF",48,12,36,108,20,2025-09-09 12:27:47.074887,2025-09-09 12:27:47.074971,"csv_processor"
2023-10-05,"LR",1,6,-5,-30,10,2025-09-09 12:27:47.074887,2025-09-09 12:27:47.074971,"csv_processor"
2023-10-06,"HF",0,0,0,0,0,2025-09-09 12:27:47.074887,2025-09-09 12:27:47.074971,"csv_processor"
2023-10-06,"LF",0,0,0,0,0,2025-09-09 12:27:47.074887,2025-09-09 12:27:47.074971,"csv_processor"
2023-10-06,"LR",0,0,0,0,0,2025-09-09 12:27:47.074887,2025-09-09 12:27:47.074971,"csv_processor"
2023-10-07,"HF",0,0,0,0,0,2025-09-09 12:27:47.074887,2025-09-09 12:27:47.074971,"csv_processor"
2023-10-07,"LF",0,0,0,0,0,2025-09-09 12:27:47.074887,2025-09-09 12:27:47.074971,"csv_processor"
2023-10-07,"LR",0,0,0,0,0,2025-09-09 12:27:47.074887,2025-09-09 12:27:47.074971,"csv_processor"
